chrom,pos,ref,alt,gene,mc,clnsig,label,phyloP,phastCons
11,2663202,A,G,KCNQ1:3784|KCNQ1OT1:10984,"SO:0001619|non-coding_transcript_variant,SO:0001627|intron_variant",Likely_benign,0,0.10300000011920929,0.0
10,71679095,C,T,CDH23:64072,SO:0001627|intron_variant,Benign,0,-5.886000156402588,0.0
3,14133649,G,A,TMEM43:79188,SO:0001627|intron_variant,Benign,0,-0.9950000047683716,0.0
2,15275825,G,T,NBAS:51594,SO:0001627|intron_variant,Likely_benign,0,0.7850000262260437,0.0020000000949949026
17,43071051,A,G,BRCA1:672,"SO:0001627|intron_variant,SO:0001819|synonymous_variant",Likely_benign,0,-0.2409999966621399,0.0
22,23766101,C,G,CHCHD10:400916,SO:0001627|intron_variant,Benign,0,-2.947000026702881,0.0
11,108299665,G,A,ATM:472,SO:0001627|intron_variant,Likely_benign,0,-0.12700000405311584,0.0
15,45376628,A,G,GATM:2628,"SO:0001623|5_prime_UTR_variant,SO:0001819|synonymous_variant",Likely_benign,0,0.8920000195503235,1.0
5,13870760,T,C,DNAH5:1767|DNAH5-AS1:139355228,SO:0001627|intron_variant,Likely_benign,0,0.023000000044703484,0.0
1,6468025,G,A,PLEKHG5:57449,"SO:0001627|intron_variant,SO:0001819|synonymous_variant",Likely_benign,0,-0.1550000011920929,0.0
6,33174155,C,A,COL11A2:1302,SO:0001627|intron_variant,Likely_benign,0,0.30300000309944153,0.0
15,65653959,G,A,SLC24A1:9187,"SO:0001627|intron_variant,SO:0001819|synonymous_variant",Likely_benign,0,-0.5600000023841858,0.0
19,49190201,C,A,TRPM4:54795,SO:0001627|intron_variant,Likely_benign,0,1.1859999895095825,0.6019999980926514
3,38555777,C,A,SCN5A:6331,SO:0001627|intron_variant,Likely_benign,0,-0.35899999737739563,0.0
1,10378090,C,T,KIF1B:23095,SO:0001624|3_prime_UTR_variant,Benign,0,-0.28700000047683716,0.0
6,75175143,C,T,COL12A1:1303,"SO:0001583|missense_variant,SO:0001627|intron_variant",Likely_benign,0,-0.9959999918937683,0.0
22,31760721,T,C,DEPDC5:9681,SO:0001627|intron_variant,Likely_benign,0,-0.003000000026077032,0.0020000000949949026
1,11847093,C,T,NPPA:4878|NPPA-AS1:100379251|LOC114827827:114827827,SO:0001627|intron_variant,Likely_benign,0,0.7770000100135803,0.0
4,1001893,C,T,IDUA:3425,SO:0001627|intron_variant,Likely_benign,0,-1.159000039100647,0.0
3,53186151,C,T,PRKCD:5580,SO:0001627|intron_variant,Likely_benign,0,-0.5090000033378601,0.0
2,172427797,C,A,ITGA6:3655,"SO:0001627|intron_variant,SO:0001819|synonymous_variant",Likely_benign,0,0.367000013589859,0.9810000061988831
7,103486599,T,A,RELN:5649|SLC26A5-AS1:101927870,SO:0001627|intron_variant,Benign,0,-1.3930000066757202,0.0010000000474974513
19,35032289,T,G,SCN1B:6324,SO:0001627|intron_variant,Benign,0,-2.678999900817871,0.0
2,239108426,A,G,HDAC4:9759,SO:0001627|intron_variant,Benign,0,-2.5299999713897705,0.0
19,55014228,T,C,GP6:51206,"SO:0001583|missense_variant,SO:0001624|3_prime_UTR_variant",Benign,0,-0.8330000042915344,0.009999999776482582
10,54395872,A,G,PCDH15:65217,SO:0001627|intron_variant,Likely_benign,0,-1.3070000410079956,0.0
3,50377547,A,G,CACNA2D2:9254,SO:0001627|intron_variant,Likely_benign,0,1.3630000352859497,0.6589999794960022
16,21258875,T,C,CRYM:1428,SO:0001627|intron_variant,Likely_benign,0,0.11400000005960464,0.00800000037997961
2,178681461,T,C,TTN:7273,SO:0001627|intron_variant,Likely_benign,0,-0.12300000339746475,0.5609999895095825
3,15474954,A,G,COLQ:8292,SO:0001627|intron_variant,Likely_benign,0,0.5249999761581421,0.9829999804496765
20,37184349,T,C,RPN2:6185,"SO:0001623|5_prime_UTR_variant,SO:0001819|synonymous_variant",Likely_benign,0,-0.2879999876022339,0.949999988079071
13,42574486,C,A,TNFSF11:8600,"SO:0001627|intron_variant,SO:0001819|synonymous_variant",Likely_benign,0,0.925000011920929,1.0
8,10616437,C,G,RP1L1:94137,SO:0001627|intron_variant,Likely_benign,0,0.01600000075995922,0.0
18,63980245,A,T,SERPINB8:5271,SO:0001627|intron_variant,Benign,0,-0.6549999713897705,0.0
7,107767655,G,C,SLC26A3:1811,SO:0001627|intron_variant,Likely_benign,0,-0.5329999923706055,0.8140000104904175
17,47300342,C,T,ITGB3:3690,SO:0001627|intron_variant,Benign,0,-0.7829999923706055,0.0
2,79651796,T,A,CTNNA2:1496,SO:0001627|intron_variant,Benign,0,-0.45899999141693115,0.0
10,58394453,G,A,TFAM:7019,SO:0001627|intron_variant,Benign,0,1.534000039100647,0.03099999949336052
6,33171581,G,T,COL11A2:1302,SO:0001627|intron_variant,Likely_benign,0,0.6179999709129333,0.0
12,123744988,T,G,ATP6V0A2:23545,SO:0001627|intron_variant,Likely_benign,0,-0.11999999731779099,0.0
17,46872786,G,A,WNT9B:7484|LRRC37A2:474170,SO:0001627|intron_variant,Likely_benign,0,2.0480000972747803,0.03500000014901161
12,21852510,A,G,ABCC9:10060,SO:0001627|intron_variant,Likely_benign,0,2.0950000286102295,0.4950000047683716
18,3084046,A,C,MYOM1:8736,SO:0001627|intron_variant,Likely_benign,0,5.798999786376953,0.9950000047683716
20,33409977,A,G,SNTA1:6640,SO:0001627|intron_variant,Benign,0,-0.7519999742507935,0.0010000000474974513
19,10180007,G,A,DNMT1:1786,SO:0001627|intron_variant,Benign,0,0.0,0.012000000104308128
15,90765431,C,A,BLM:641,SO:0001627|intron_variant,Likely_benign,0,-0.35100001096725464,0.0
9,14770827,T,C,FREM1:158326,SO:0001627|intron_variant,Benign,0,-0.17800000309944153,0.0
14,67807933,T,C,ZFYVE26:23503,SO:0001627|intron_variant,Likely_benign,0,-0.8460000157356262,0.0
12,63779979,C,A,RXYLT1:10329,"SO:0001623|5_prime_UTR_variant,SO:0001819|synonymous_variant",Likely_benign,0,2.1589999198913574,1.0
17,82768402,C,T,TBCD:6904,SO:0001627|intron_variant,Benign,0,-0.19499999284744263,0.0
17,65561461,G,C,AXIN2:8313,SO:0001623|5_prime_UTR_variant,Likely_benign,0,1.0529999732971191,0.10999999940395355
3,30672017,C,T,TGFBR2:7048,"SO:0001627|intron_variant,SO:0001819|synonymous_variant",Likely_benign,0,2.2300000190734863,1.0
11,108347380,C,A,ATM:472|C11orf65:160140,SO:0001627|intron_variant,Likely_benign,0,0.07800000160932541,0.0
1,229432440,G,C,ACTA1:58,SO:0001627|intron_variant,Likely_benign,0,-0.14499999582767487,0.0010000000474974513
17,59001635,G,A,TRIM37:4591|LOC126862606:126862606,"SO:0001619|non-coding_transcript_variant,SO:0001627|intron_variant,SO:0001819|synonymous_variant",Likely_benign,0,-1.3070000410079956,0.006000000052154064
10,14934373,A,G,DCLRE1C:64421,SO:0001627|intron_variant,Likely_benign,0,0.2150000035762787,0.0
21,33414881,C,T,IFNGR2:3460,"SO:0001582|initiator_codon_variant,SO:0001627|intron_variant",Likely_benign,0,0.3240000009536743,0.0
14,102039273,C,T,DYNC1H1:1778,SO:0001627|intron_variant,Likely_benign,0,0.11100000143051147,0.0
5,162095486,T,C,GABRG2:2566,SO:0001627|intron_variant,Likely_benign,0,2.4179999828338623,0.5569999814033508
3,53181198,C,G,PRKCD:5580,SO:0001627|intron_variant,Likely_benign,0,-0.34200000762939453,0.0
14,74293141,C,T,ABCD4:5826,SO:0001627|intron_variant,Likely_benign,0,-0.6019999980926514,0.0
20,3230844,G,A,SLC4A11:83959,"SO:0001619|non-coding_transcript_variant,SO:0001627|intron_variant,SO:0001819|synonymous_variant",Likely_benign,0,0.1899999976158142,0.8980000019073486
4,110621542,G,T,PITX2:5308,SO:0001627|intron_variant,Likely_benign,0,1.4950000047683716,0.007000000216066837
1,172557807,C,T,SUCO:51430,SO:0001627|intron_variant,Likely_benign,0,0.13099999725818634,0.0010000000474974513
17,3656598,C,T,CTNS:1497|CTNS-AS1:105371492,SO:0001627|intron_variant,Likely_benign,0,0.44999998807907104,0.0010000000474974513
17,4899190,G,C,CHRNE:1145|LOC130060040:130060040,SO:0001627|intron_variant,Likely_benign,0,0.8700000047683716,0.004000000189989805
1,172589909,G,T,SUCO:51430,"SO:0001627|intron_variant,SO:0001819|synonymous_variant",Likely_benign,0,2.1649999618530273,1.0
2,148463927,A,G,MBD5:55777,SO:0001627|intron_variant,Likely_benign,0,1.3569999933242798,0.6050000190734863
2,8730960,G,A,KIDINS220:57498,"SO:0001627|intron_variant,SO:0001819|synonymous_variant",Likely_benign,0,-0.5410000085830688,0.05000000074505806
9,128203587,C,T,DNM1:1759|CIZ1:25792,"SO:0001627|intron_variant,SO:0001819|synonymous_variant",Likely_benign,0,0.25099998712539673,0.996999979019165
17,65536860,G,A,AXIN2:8313,SO:0001627|intron_variant,Likely_benign,0,-0.6919999718666077,0.0
14,105314963,G,A,PACS2:23241|BRF1:2972,"SO:0001627|intron_variant,SO:0001819|synonymous_variant",Likely_benign,0,-0.0689999982714653,0.0
16,53671492,C,T,RPGRIP1L:23322,SO:0001627|intron_variant,Likely_benign,0,-0.6759999990463257,0.0
2,165113807,T,C,SCN3A:6328,SO:0001627|intron_variant,Likely_benign,0,0.5590000152587891,0.0010000000474974513
9,128635641,G,A,DYNC2I2:89891|LOC126860772:126860772,SO:0001627|intron_variant,Likely_benign,0,-0.8180000185966492,0.0
1,1049810,G,A,AGRN:375790,SO:0001627|intron_variant,Likely_benign,0,-0.5,0.0010000000474974513
13,32380559,G,A,BRCA2:675,SO:0001627|intron_variant,Benign,0,0.3869999945163727,0.009999999776482582
21,46428640,G,A,PCNT:5116,SO:0001627|intron_variant,Benign,0,-1.2480000257492065,0.0
1,237711734,C,T,RYR2:6262,SO:0001627|intron_variant,Likely_benign,0,-0.017000000923871994,0.0
10,43106365,G,T,RET:5979,SO:0001627|intron_variant,Likely_benign,0,-0.5989999771118164,0.0
12,95003589,G,T,NDUFA12:55967,SO:0001627|intron_variant,Likely_benign,0,-0.0820000022649765,0.0010000000474974513
14,67762417,G,A,ZFYVE26:23503,SO:0001627|intron_variant,Likely_benign,0,1.090999960899353,0.9959999918937683
10,72375768,G,C,MICU1:10367,SO:0001627|intron_variant,Likely_benign,0,0.5090000033378601,0.09399999678134918
18,70145690,G,A,RTTN:25914,"SO:0001623|5_prime_UTR_variant,SO:0001819|synonymous_variant",Likely_benign,0,0.32600000500679016,0.9980000257492065
4,505750,C,G,PIGG:54872,"SO:0001619|non-coding_transcript_variant,SO:0001623|5_prime_UTR_variant,SO:0001627|intron_variant,SO:0001819|synonymous_variant",Likely_benign,0,-2.0139999389648438,0.0
11,108334968,G,T,ATM:472|C11orf65:160140,"SO:0001574|splice_acceptor_variant,SO:0001627|intron_variant",Pathogenic,1,9.505000114440918,1.0
17,61847238,A,G,BRIP1:83990,SO:0001627|intron_variant,Likely_benign,0,0.9599999785423279,0.027000000700354576
19,49016783,G,A,LHB:3972,SO:0001627|intron_variant,Likely_benign,0,-0.45500001311302185,0.0
15,27951911,A,G,OCA2:4948,SO:0001627|intron_variant,Likely_benign,0,0.39399999380111694,0.0
10,51074833,C,G,PRKG1:5592,"SO:0001627|intron_variant,SO:0001819|synonymous_variant",Likely_benign,0,-0.5519999861717224,0.12700000405311584
1,26794532,T,C,PIGV:55650,"SO:0001619|non-coding_transcript_variant,SO:0001627|intron_variant,SO:0001819|synonymous_variant",Likely_benign,0,-0.8059999942779541,0.07000000029802322
15,75410304,A,C,SIN3A:25942,SO:0001627|intron_variant,Likely_benign,0,0.4790000021457672,0.0
16,57650344,G,A,ADGRG1:9289,"SO:0001623|5_prime_UTR_variant,SO:0001627|intron_variant,SO:0001819|synonymous_variant",Likely_benign,0,1.659000039100647,0.9959999918937683
2,72144205,G,T,CYP26B1:56603,"SO:0001627|intron_variant,SO:0001819|synonymous_variant",Likely_benign,0,1.0099999904632568,0.9700000286102295
17,533068,T,C,VPS53:55275,SO:0001627|intron_variant,Benign,0,-0.9929999709129333,0.0
5,73882725,T,G,ARHGEF28:64283,SO:0001627|intron_variant,Benign,0,-0.12200000137090683,0.0
8,24955426,C,T,NEFL:4747,SO:0001627|intron_variant,Likely_benign,0,-0.00800000037997961,0.0
18,46483573,G,A,LOXHD1:125336,SO:0001627|intron_variant,Likely_benign,0,-1.1440000534057617,0.0
3,48591661,C,T,COL7A1:1294,SO:0001627|intron_variant,Likely_benign,0,3.3380000591278076,0.1289999932050705
11,103456372,T,C,DYNC2H1:79659,SO:0001627|intron_variant,Likely_benign,0,-0.6100000143051147,0.0
3,58155041,G,A,FLNB:2317,SO:0001627|intron_variant,Benign,0,0.18799999356269836,0.0
3,10402074,G,A,ATP2B2:491,SO:0001627|intron_variant,Likely_benign,0,0.4059999883174896,0.0
6,152391617,C,T,SYNE1:23345,SO:0001627|intron_variant,Benign,0,0.47099998593330383,0.0010000000474974513
2,227303029,G,C,COL4A3:1285|MFF-DT:654841,SO:0001627|intron_variant,Likely_benign,0,0.6840000152587891,0.09099999815225601
12,132659521,C,T,POLE:5426,SO:0001627|intron_variant,Likely_benign,0,-0.6990000009536743,0.0
3,58210752,G,C,DNASE1L3:1776,SO:0001627|intron_variant,Likely_benign,0,-0.12200000137090683,0.0
5,13919364,C,T,DNAH5:1767,SO:0001627|intron_variant,Likely_benign,0,-1.121999979019165,0.0
2,174749673,G,A,CHRNA1:1134,SO:0001627|intron_variant,Benign,0,0.04399999976158142,0.0
X,41341597,G,T,DDX3X:1654,"SO:0001587|nonsense,SO:0001619|non-coding_transcript_variant,SO:0001623|5_prime_UTR_variant",Pathogenic,1,9.52299976348877,1.0
5,112767259,A,C,APC:324,"SO:0001619|non-coding_transcript_variant,SO:0001623|5_prime_UTR_variant,SO:0001819|synonymous_variant",Likely_benign,0,1.8009999990463257,1.0
3,195788124,A,T,MUC4:4585,"SO:0001627|intron_variant,SO:0001819|synonymous_variant",Likely_benign,0,0.19699999690055847,0.0010000000474974513
17,46082265,T,G,KANSL1:284058,SO:0001627|intron_variant,Benign,0,-0.023000000044703484,0.0
9,128630077,C,T,SPTAN1:6709,SO:0001627|intron_variant,Benign,0,-1.9869999885559082,0.0
3,169116129,G,A,MECOM:2122,"SO:0001627|intron_variant,SO:0001819|synonymous_variant",Likely_benign,0,5.456999778747559,1.0
17,46932212,C,G,GOSR2:9570|LRRC37A2:474170,SO:0001627|intron_variant,Likely_benign,0,-0.3490000069141388,0.0
14,96833928,G,A,VRK1:7443,SO:0001627|intron_variant,Benign,0,-0.22499999403953552,0.0010000000474974513
2,32251616,G,T,NLRC4:58484,SO:0001627|intron_variant,Likely_benign,0,-0.28700000047683716,0.0
22,29694790,T,C,NF2:4771,"SO:0001619|non-coding_transcript_variant,SO:0001624|3_prime_UTR_variant,SO:0001819|synonymous_variant",Likely_benign,0,0.2750000059604645,0.9990000128746033
11,45945977,G,A,PHF21A:51317,"SO:0001619|non-coding_transcript_variant,SO:0001627|intron_variant,SO:0001819|synonymous_variant",Likely_benign,0,5.260000228881836,1.0
19,50402201,A,C,POLD1:5424,SO:0001627|intron_variant,Likely_benign,0,-4.543000221252441,0.0
19,50415413,C,T,POLD1:5424,SO:0001627|intron_variant,Likely_benign,0,0.6629999876022339,0.0
20,58840724,G,A,GNAS:2778|GNAS-AS1:149775,"SO:0001623|5_prime_UTR_variant,SO:0001819|synonymous_variant",Likely_benign,0,1.0809999704360962,0.8799999952316284
9,84723554,T,C,NTRK2:4915,SO:0001627|intron_variant,Likely_benign,0,1.2050000429153442,0.10300000011920929
3,31621984,C,T,STT3B:201595,SO:0001627|intron_variant,Likely_benign,0,0.28700000047683716,0.009999999776482582
11,77214596,C,A,MYO7A:4647,SO:0001627|intron_variant,Likely_benign,0,0.04699999839067459,0.0
13,40807289,C,T,SLC25A15:10166,SO:0001627|intron_variant,Likely_benign,0,0.27900001406669617,0.5419999957084656
13,32363169,T,C,BRCA2:675,SO:0001627|intron_variant,Likely_benign,0,0.8970000147819519,0.003000000026077032
11,119278728,T,C,CBL:867,SO:0001627|intron_variant,Likely_benign,0,0.5199999809265137,0.0010000000474974513
17,39724930,T,C,ERBB2:2064,SO:0001627|intron_variant,Likely_benign,0,0.3190000057220459,0.0020000000949949026
9,83969456,A,G,HNRNPK:3190,SO:0001627|intron_variant,Likely_benign,0,3.684000015258789,1.0
5,156647454,T,C,SGCD:6444,SO:0001627|intron_variant,Likely_benign,0,1.7480000257492065,1.0
13,23365266,C,T,SACS:26278,"SO:0001623|5_prime_UTR_variant,SO:0001819|synonymous_variant",Likely_benign,0,2.5260000228881836,1.0
6,32223680,G,A,NOTCH4:4855,SO:0001627|intron_variant,Benign,0,0.028999999165534973,0.0
2,69373772,T,C,GFPT1:2673,SO:0001627|intron_variant,Likely_benign,0,0.39800000190734863,0.0
1,244856867,A,C,HNRNPU:3192,SO:0001627|intron_variant,Likely_benign,0,5.980000019073486,0.9980000257492065
1,235455692,C,A,B3GALNT2:148789,SO:0001627|intron_variant,Likely_benign,0,1.8109999895095825,0.8690000176429749
2,237348721,C,A,COL6A3:1293,SO:0001627|intron_variant,Likely_benign,0,0.04699999839067459,0.0
10,60075677,C,A,ANK3:288,"SO:0001583|missense_variant,SO:0001627|intron_variant",Likely_benign,0,3.756999969482422,1.0
7,155803026,G,A,SHH:6469,"SO:0001627|intron_variant,SO:0001819|synonymous_variant",Likely_benign,0,0.1720000058412552,0.0010000000474974513
9,115087387,C,G,TNC:3371,SO:0001627|intron_variant,Benign,0,-0.1860000044107437,0.0
19,4818321,G,A,TICAM1:148022,"SO:0001623|5_prime_UTR_variant,SO:0001627|intron_variant,SO:0001819|synonymous_variant",Likely_benign,0,-0.7770000100135803,0.0
13,110152522,G,A,COL4A1:1282,SO:0001627|intron_variant,Likely_benign,0,-0.20600000023841858,0.0
2,49922372,A,G,NRXN1:9378,SO:0001627|intron_variant,Benign,0,-0.3089999854564667,0.0
13,100368583,T,G,PCCA:5095,SO:0001627|intron_variant,Likely_benign,0,0.023000000044703484,0.25600001215934753
11,108280981,A,T,ATM:472,SO:0001627|intron_variant,Benign,0,0.13300000131130219,0.004000000189989805
7,33505459,G,T,BBS9:27241,SO:0001627|intron_variant,Likely_benign,0,0.5180000066757202,1.0
5,1266552,T,C,TERT:7015,SO:0001627|intron_variant,Likely_benign,0,-2.2209999561309814,0.0
19,7631458,C,T,STXBP2:6813|PET100:100131801,SO:0001627|intron_variant,Likely_benign,0,0.296999990940094,0.0020000000949949026
4,78445729,T,G,FRAS1:80144,"SO:0001583|missense_variant,SO:0001627|intron_variant",Likely_benign,0,0.11900000274181366,0.5630000233650208
10,30313987,C,T,MTPAP:55149,SO:0001627|intron_variant,Likely_benign,0,-0.2160000056028366,0.0
1,153813470,T,C,GATAD2B:57459,SO:0001627|intron_variant,Likely_benign,0,-0.9950000047683716,0.0
5,90705586,G,T,ADGRV1:84059,SO:0001627|intron_variant,Likely_benign,0,0.5540000200271606,0.996999979019165
2,169154898,C,G,LRP2:4036,SO:0001627|intron_variant,Benign,0,-0.0560000017285347,0.0
12,105107796,G,C,WASHC4:23325|LOC130008642:130008642,SO:0001623|5_prime_UTR_variant,Likely_benign,0,-0.21799999475479126,0.4749999940395355
5,138917787,C,T,CTNNA1:1495,"SO:0001623|5_prime_UTR_variant,SO:0001819|synonymous_variant",Likely_benign,0,1.652999997138977,1.0
6,109738307,C,A,FIG4:9896,SO:0001627|intron_variant,Benign,0,-0.20000000298023224,0.05999999865889549
13,110491356,G,A,COL4A2:1284,SO:0001627|intron_variant,Likely_benign,0,-0.2460000067949295,0.0
14,104709601,G,A,INF2:64423,SO:0001627|intron_variant,Likely_benign,0,-1.0470000505447388,0.0
12,32802220,G,C,PKP2:5318,SO:0001627|intron_variant,Benign,0,-1.0299999713897705,0.0
12,57563616,C,A,KIF5A:3798,SO:0001627|intron_variant,Likely_benign,0,-0.7820000052452087,0.0
16,69330540,A,G,COG8:84342|PDF:64146,"SO:0001583|missense_variant,SO:0001627|intron_variant",Benign,0,-4.310999870300293,0.0
1,1211883,G,A,TNFRSF4:7293,SO:0001627|intron_variant,Likely_benign,0,-2.8580000400543213,0.0
7,103410082,T,C,SLC26A5:375611,SO:0001627|intron_variant,Benign,0,-0.027000000700354576,0.0
X,153694711,G,C,SLC6A8:6535,SO:0001627|intron_variant,Likely_benign,0,-3.5980000495910645,0.0
5,151663652,G,A,SPARC:6678|LOC126807556:126807556,SO:0001627|intron_variant,Benign,0,-2.130000114440918,0.0
6,33789237,G,T,LEMD2:221496,SO:0002153|genic_upstream_transcript_variant,Benign,0,1.6510000228881836,0.9890000224113464
1,170539496,T,C,GORAB:92344,"SO:0001619|non-coding_transcript_variant,SO:0001623|5_prime_UTR_variant,SO:0001819|synonymous_variant",Likely_benign,0,0.03799999877810478,0.01899999938905239
7,98863119,C,T,TMEM130:222865,"SO:0001583|missense_variant,SO:0001627|intron_variant",Likely_benign,0,0.14300000667572021,0.010999999940395355
17,37149845,C,T,ACACA:31,SO:0001627|intron_variant,Likely_benign,0,0.09700000286102295,0.0010000000474974513
5,226063,T,C,SDHA:6389,SO:0001627|intron_variant,Likely_benign,0,-0.6620000004768372,0.0
6,75182725,T,A,COL12A1:1303,SO:0001627|intron_variant,Likely_benign,0,0.03500000014901161,0.0010000000474974513
21,45475545,C,T,COL18A1:80781,SO:0001627|intron_variant,Likely_benign,0,-0.9570000171661377,0.0
11,73969236,C,T,DNAJB13:374407,SO:0001627|intron_variant,Likely_benign,0,-0.07100000232458115,0.0
4,112653251,A,T,LARP7:51574,SO:0001627|intron_variant,Likely_benign,0,-0.0989999994635582,0.0
4,1237844,A,C,CTBP1:1487,SO:0001627|intron_variant,Likely_benign,0,-3.9860000610351562,0.0
5,1272076,C,A,TERT:7015,SO:0001627|intron_variant,Likely_benign,0,1.7760000228881836,0.01600000075995922
6,7580066,G,A,DSP:1832,"SO:0001627|intron_variant,SO:0001819|synonymous_variant",Likely_benign,0,3.5880000591278076,1.0
2,227257596,A,G,COL4A3:1285|MFF-DT:654841,SO:0001627|intron_variant,Likely_benign,0,-1.9229999780654907,0.0
16,2504917,G,A,TBC1D24:57465,SO:0001624|3_prime_UTR_variant,Likely_benign,0,0.335999995470047,0.0430000014603138
3,193617845,A,G,OPA1:4976,SO:0001627|intron_variant,Likely_benign,0,6.633999824523926,1.0
17,14076483,A,G,COX10:1352,SO:0001627|intron_variant,Benign,0,-0.593999981880188,0.0
17,74285220,C,A,DNAI2:64446,SO:0001627|intron_variant,Likely_benign,0,-0.014999999664723873,0.0
19,13918210,C,G,CC2D1A:54862,SO:0001627|intron_variant,Likely_benign,0,-0.1850000023841858,0.0
22,19879981,A,G,TXNRD2:10587,SO:0001627|intron_variant,Benign,0,0.29100000858306885,0.012000000104308128
12,132664357,C,T,POLE:5426,SO:0001627|intron_variant,Likely_benign,0,-0.04899999871850014,0.0
11,108354876,T,A,ATM:472|C11orf65:160140,"SO:0001575|splice_donor_variant,SO:0001627|intron_variant",Likely_pathogenic,1,7.980999946594238,1.0
7,105388674,C,T,SRPK2:6733,"SO:0001583|missense_variant,SO:0001623|5_prime_UTR_variant,SO:0001819|synonymous_variant",Likely_benign,0,0.6370000243186951,0.2529999911785126
1,42746847,C,T,P3H1:64175,"SO:0001583|missense_variant,SO:0001624|3_prime_UTR_variant,SO:0001819|synonymous_variant",Likely_benign,0,-0.4309999942779541,0.7099999785423279
5,1218747,C,A,SLC6A19:340024,SO:0001627|intron_variant,Benign,0,0.003000000026077032,0.0
16,3658219,G,A,DNASE1:1773|TRAP1:10131,"SO:0001627|intron_variant,SO:0001819|synonymous_variant",Likely_benign,0,-0.8510000109672546,0.017000000923871994
12,6944465,C,T,C12orf57:113246,"SO:0001619|non-coding_transcript_variant,SO:0001623|5_prime_UTR_variant,SO:0001627|intron_variant",Likely_benign,0,-0.10300000011920929,0.0
1,153818030,G,A,GATAD2B:57459,SO:0001627|intron_variant,Likely_benign,0,-0.4320000112056732,0.0
16,2088176,C,T,TSC2:7249,SO:0001627|intron_variant,Benign,0,0.19300000369548798,0.9629999995231628
11,47331888,A,G,MYBPC3:4607,SO:0001627|intron_variant,Likely_benign,0,0.3709999918937683,0.15700000524520874
3,185524424,G,A,LIPH:200879,SO:0001627|intron_variant,Benign,0,0.6669999957084656,0.0010000000474974513
X,154411873,C,T,DNASE1L1:1774|TAFAZZIN:6901|LOC130068869:130068869,"SO:0001619|non-coding_transcript_variant,SO:0001627|intron_variant,SO:0001819|synonymous_variant",Likely_benign,0,-2.01200008392334,0.0
17,50169202,G,A,SGCA:6442,"SO:0001583|missense_variant,SO:0001619|non-coding_transcript_variant,SO:0001627|intron_variant",Likely_pathogenic,1,6.452000141143799,1.0
19,17339045,G,A,GTPBP3:84705,"SO:0001587|nonsense,SO:0001627|intron_variant",Pathogenic,1,0.3840000033378601,0.0
16,66469864,C,T,BEAN1:146227|BEAN1-AS1:101927726,"SO:0001619|non-coding_transcript_variant,SO:0001623|5_prime_UTR_variant,SO:0001819|synonymous_variant",Likely_benign,0,-0.13099999725818634,0.006000000052154064
8,86666909,C,A,CNGB3:54714,SO:0001627|intron_variant,Likely_benign,0,-0.22200000286102295,0.0
2,210594498,T,C,CPS1:1373,SO:0001627|intron_variant,Likely_benign,0,1.9989999532699585,0.9990000128746033
8,43147083,C,T,HGSNAT:138050,SO:0001627|intron_variant,Likely_benign,0,0.29899999499320984,0.013000000268220901
19,11105615,A,G,LDLR:3949,SO:0001627|intron_variant,Likely_benign,0,0.6069999933242798,0.004000000189989805
3,43714928,T,A,ABHD5:51099,SO:0001627|intron_variant,Likely_benign,0,0.03200000151991844,0.0010000000474974513
22,23803291,T,C,SMARCB1:6598,SO:0001627|intron_variant,Likely_benign,0,1.5390000343322754,0.6970000267028809
8,54628940,A,G,RP1:6101|LOC126860392:126860392,"SO:0001627|intron_variant,SO:0001819|synonymous_variant",Likely_benign,0,-0.3970000147819519,0.0
2,73534956,T,C,ALMS1:7840,SO:0001627|intron_variant,Likely_benign,0,1.0700000524520874,0.027000000700354576
18,63796550,G,T,SERPINB7:8710,SO:0001627|intron_variant,Benign,0,-0.05000000074505806,0.0
2,215414550,A,G,FN1:2335,SO:0001627|intron_variant,Benign,0,0.8930000066757202,0.041999999433755875
X,100342081,T,C,PCDH19:57526,SO:0001627|intron_variant,Pathogenic,1,2.259000062942505,1.0
2,71539492,T,A,DYSF:8291,SO:0001627|intron_variant,Benign,0,-1.1019999980926514,0.0
9,20929352,T,C,FOCAD:54914,SO:0001627|intron_variant,Likely_benign,0,1.2699999809265137,0.8180000185966492
3,36993552,C,A,MLH1:4292,"SO:0001587|nonsense,SO:0001623|5_prime_UTR_variant",Pathogenic,1,2.928999900817871,1.0
3,67528227,G,C,SUCLG2:8801,SO:0001627|intron_variant,Likely_benign,0,0.7139999866485596,0.7429999709129333
16,72957776,G,A,ZFHX3:463,"SO:0001627|intron_variant,SO:0001819|synonymous_variant",Likely_benign,0,-0.3619999885559082,0.13899999856948853
1,183135392,T,C,LAMC1:3915,SO:0001627|intron_variant,Benign,0,0.28200000524520874,0.003000000026077032
15,101029241,A,G,LRRK1:79705,SO:0001627|intron_variant,Likely_benign,0,-0.061000000685453415,0.0
18,45860354,G,A,EPG5:57724,SO:0001627|intron_variant,Likely_benign,0,0.6499999761581421,0.09799999743700027
2,120982896,A,T,GLI2:2736,SO:0001627|intron_variant,Likely_benign,0,-2.0409998893737793,0.0
1,11658608,G,A,FBXO44:93611|LOC126805618:126805618,"SO:0001583|missense_variant,SO:0001627|intron_variant,SO:0001819|synonymous_variant",Likely_benign,0,-0.28299999237060547,0.7720000147819519
9,136514355,G,A,NOTCH1:4851,SO:0001627|intron_variant,Likely_benign,0,-2.8350000381469727,0.0
21,46416062,C,T,PCNT:5116,SO:0001627|intron_variant,Likely_benign,0,-0.4410000145435333,0.0
3,33072528,A,G,GLB1:2720,SO:0001627|intron_variant,Likely_benign,0,-0.15399999916553497,0.0
9,132928892,G,A,TSC1:7248,SO:0001623|5_prime_UTR_variant,Benign,0,0.41499999165534973,0.04500000178813934
4,150900222,A,G,LRBA:987,SO:0001627|intron_variant,Likely_benign,0,4.875,0.35600000619888306
10,31319236,T,C,ZEB1:6935|ZEB1-AS1:220930|LOC130003630:130003630,"SO:0001582|initiator_codon_variant,SO:0001583|missense_variant,SO:0001623|5_prime_UTR_variant,SO:0001627|intron_variant",Likely_pathogenic,1,6.2729997634887695,1.0
9,6644701,A,G,GLDC:2731,SO:0001627|intron_variant,Likely_benign,0,-0.35199999809265137,0.0
1,9724440,C,T,PIK3CD:5293,SO:0001627|intron_variant,Likely_benign,0,0.6570000052452087,0.0
6,44298837,C,A,AARS2:57505,SO:0001624|3_prime_UTR_variant,Benign,0,1.850000023841858,0.7120000123977661
1,183244497,C,T,LAMC2:3918,SO:0001624|3_prime_UTR_variant,Benign,0,0.4099999964237213,0.41999998688697815
10,20880923,T,G,NEBL:10529,SO:0001627|intron_variant,Likely_benign,0,-0.6790000200271606,0.0
7,74042318,C,G,ELN:2006,SO:0001627|intron_variant,Likely_benign,0,0.3050000071525574,0.012000000104308128
3,151199372,C,T,GPR171:29909|MED12L:116931,"SO:0001627|intron_variant,SO:0001819|synonymous_variant",Benign,0,-0.21400000154972076,0.0
2,178598493,C,T,TTN:7273|TTN-AS1:100506866,SO:0001627|intron_variant,Likely_benign,0,0.2939999997615814,0.0
19,11105576,G,C,LDLR:3949,"SO:0001583|missense_variant,SO:0001627|intron_variant",Likely_pathogenic,1,9.883000373840332,1.0
1,6475142,G,C,PLEKHG5:57449,SO:0001627|intron_variant,Likely_benign,0,0.11900000274181366,0.01600000075995922
2,50506308,A,C,NRXN1:9378,SO:0001627|intron_variant,Likely_benign,0,1.777999997138977,0.009999999776482582
17,43545602,T,A,ETV4:2118,"SO:0001587|nonsense,SO:0001627|intron_variant",Likely_benign,0,2.756999969482422,1.0
21,45496496,A,T,COL18A1:80781,SO:0001627|intron_variant,Likely_benign,0,-0.656000018119812,0.0
2,215392678,G,A,FN1:2335,SO:0001627|intron_variant,Likely_benign,0,0.9049999713897705,0.09799999743700027
2,127643012,G,A,LIMS2:55679,"SO:0001623|5_prime_UTR_variant,SO:0001819|synonymous_variant",Likely_benign,0,-0.10000000149011612,0.4740000069141388
16,8779502,C,T,ABAT:18,"SO:0001627|intron_variant,SO:0001819|synonymous_variant",Likely_benign,0,3.743000030517578,1.0
6,15651354,T,C,DTNBP1:84062,"SO:0001619|non-coding_transcript_variant,SO:0001623|5_prime_UTR_variant,SO:0001627|intron_variant,SO:0001819|synonymous_variant",Likely_benign,0,-1.0820000171661377,0.18700000643730164
19,40398983,G,A,PRX:57716,SO:0001627|intron_variant,Likely_benign,0,-0.3880000114440918,0.0
1,235994133,A,T,NID1:4811|LOC107546746:107546746,SO:0001627|intron_variant,Benign,0,-0.7760000228881836,0.009999999776482582
18,2802524,C,T,SMCHD1:23347,SO:0001627|intron_variant,Likely_benign,0,0.06199999898672104,0.9390000104904175
9,130703193,A,C,EXOSC2:23404,SO:0001627|intron_variant,Likely_benign,0,0.12399999797344208,0.14900000393390656
11,77160294,G,A,MYO7A:4647,SO:0001627|intron_variant,Likely_benign,0,-0.11900000274181366,0.0
11,45916310,G,A,PEX16:9409,SO:0001627|intron_variant,Likely_benign,0,0.5249999761581421,0.010999999940395355
2,178723155,A,G,TTN:7273,"SO:0001627|intron_variant,SO:0001819|synonymous_variant",Likely_benign,0,-1.996999979019165,0.0
12,132668349,C,T,POLE:5426,SO:0001627|intron_variant,Likely_benign,0,-2.743000030517578,0.0
9,35059056,A,C,VCP:7415,SO:0001627|intron_variant,Benign,0,0.9160000085830688,0.0020000000949949026
5,35727636,A,G,SPEF2:79925,SO:0001627|intron_variant,Benign,0,-0.10400000214576721,0.0
11,77156858,G,T,MYO7A:4647,SO:0001627|intron_variant,Likely_benign,0,-0.32199999690055847,0.0
15,42735197,G,A,CDAN1:146059,SO:0001627|intron_variant,Likely_benign,0,0.6349999904632568,0.0010000000474974513
1,15442643,G,A,CTRC:11330,SO:0001627|intron_variant,Benign,0,-1.5540000200271606,0.0
16,81889291,G,A,PLCG2:5336,SO:0001627|intron_variant,Likely_benign,0,-1.0829999446868896,0.0
19,6833891,T,G,VAV1:7409,SO:0001627|intron_variant,Likely_benign,0,-0.5460000038146973,0.0
12,120725951,G,C,ACADS:35,SO:0001627|intron_variant,Likely_benign,0,1.0130000114440918,0.003000000026077032
16,56867051,G,T,SLC12A3:6559,SO:0001627|intron_variant,Likely_benign,0,-0.23399999737739563,0.0
1,237441304,C,T,RYR2:6262,SO:0001627|intron_variant,Likely_benign,0,-0.8659999966621399,0.0
7,92235597,G,A,KRIT1:889,"SO:0001587|nonsense,SO:0001623|5_prime_UTR_variant",Pathogenic,1,1.9700000286102295,1.0
2,74549578,C,T,DOK1:1796|LOXL3:84695,"SO:0001627|intron_variant,SO:0001819|synonymous_variant",Likely_benign,0,-0.6380000114440918,0.0010000000474974513
16,89779218,G,A,FANCA:2175,SO:0001627|intron_variant,Likely_benign,0,-3.6070001125335693,0.0
19,50395024,G,A,POLD1:5424,"SO:0001574|splice_acceptor_variant,SO:0001627|intron_variant",Benign,0,-1.3650000095367432,0.0010000000474974513
1,219918244,A,G,SLC30A10:55532,SO:0001627|intron_variant,Likely_benign,0,-0.37599998712539673,0.0
17,7674850,A,G,TP53:7157,SO:0001627|intron_variant,Likely_benign,0,0.289000004529953,0.0
3,45757792,A,G,SLC6A20:54716,SO:0001624|3_prime_UTR_variant,Benign,0,0.30799999833106995,0.367000013589859
19,12646748,G,A,MAN2B1:4125,SO:0001627|intron_variant,Likely_benign,0,0.22699999809265137,0.0
1,240207464,T,A,FMN2:56776,"SO:0001627|intron_variant,SO:0001819|synonymous_variant",Likely_benign,0,-0.3700000047683716,0.0010000000474974513
1,56912635,G,A,C8A:731,SO:0001627|intron_variant,Likely_benign,0,-1.6080000400543213,0.0
17,65541445,C,G,AXIN2:8313,SO:0001627|intron_variant,Likely_benign,0,1.440999984741211,0.008999999612569809
13,31276922,A,G,B3GLCT:145173,SO:0001627|intron_variant,Benign,0,-0.4399999976158142,0.0
15,72715271,T,C,BBS4:585,SO:0001627|intron_variant,Likely_benign,0,1.4869999885559082,0.08299999684095383
17,19649100,G,C,ALDH3A2:224,"SO:0001623|5_prime_UTR_variant,SO:0001819|synonymous_variant",Likely_benign,0,-0.8140000104904175,0.0
5,83537005,A,G,VCAN:1462|VCAN-AS1:105379054,"SO:0001574|splice_acceptor_variant,SO:0001627|intron_variant",Pathogenic,1,6.03000020980835,1.0
21,46429994,C,G,PCNT:5116,SO:0001627|intron_variant,Likely_benign,0,-0.9240000247955322,0.0
16,27754267,G,A,KATNIP:23247,SO:0001627|intron_variant,Likely_benign,0,-0.04399999976158142,0.0
16,28486661,G,C,CLN3:1201,SO:0001627|intron_variant,Likely_benign,0,0.2840000092983246,0.007000000216066837
5,90644003,A,G,ADGRV1:84059,SO:0001627|intron_variant,Likely_benign,0,-0.10599999874830246,0.0
5,132866719,C,G,UQCRQ:27089|LOC126807509:126807509,SO:0001627|intron_variant,Benign,0,0.6759999990463257,0.004999999888241291
2,171893266,C,A,SLC25A12:8604,SO:0001627|intron_variant,Likely_benign,0,-0.5640000104904175,0.0
16,57651393,C,A,ADGRG1:9289,"SO:0001623|5_prime_UTR_variant,SO:0001627|intron_variant,SO:0001819|synonymous_variant",Likely_benign,0,-0.23399999737739563,0.03099999949336052
1,108154966,C,T,SLC25A24:29957,SO:0001627|intron_variant,Likely_benign,0,-0.9089999794960022,0.0
16,72021437,C,A,DHODH:1723,SO:0001627|intron_variant,Benign,0,-0.13699999451637268,0.0
9,98782449,T,A,ANKS6:203286,SO:0001627|intron_variant,Likely_benign,0,0.09700000286102295,0.004999999888241291
9,138121585,C,T,CACNA1B:774,"SO:0001627|intron_variant,SO:0001819|synonymous_variant",Likely_benign,0,0.06300000101327896,0.9509999752044678
1,215743404,G,A,USH2A:7399,SO:0001627|intron_variant,Benign,0,-0.09700000286102295,0.017000000923871994
16,88824752,T,C,GALNS:2588,SO:0001627|intron_variant,Likely_benign,0,-1.7339999675750732,0.0
16,8895755,A,C,USP7:7874,SO:0001627|intron_variant,Benign,0,-0.17900000512599945,0.0
15,34232751,G,T,SLC12A6:9990,SO:0001624|3_prime_UTR_variant,Likely_benign,0,0.4909999966621399,0.0020000000949949026
8,143923716,C,T,PLEC:5339,"SO:0001627|intron_variant,SO:0001819|synonymous_variant",Likely_benign,0,-0.4320000112056732,0.03799999877810478
15,44610828,T,A,SPG11:80208,SO:0001627|intron_variant,Likely_benign,0,-0.11800000071525574,0.0
4,147542471,C,T,EDNRA:1909,SO:0001627|intron_variant,Likely_benign,0,-0.19900000095367432,0.0
11,108315807,G,T,ATM:472|C11orf65:160140,SO:0001627|intron_variant,Likely_benign,0,-0.024000000208616257,0.006000000052154064
14,21430977,C,G,CHD8:57680,"SO:0001583|missense_variant,SO:0001627|intron_variant",Likely_benign,0,5.132999897003174,1.0
19,1399948,C,A,GAMT:2593,SO:0001627|intron_variant,Likely_benign,0,-0.38499999046325684,0.0
1,46196937,A,C,POMGNT1:55624,SO:0001627|intron_variant,Benign,0,0.3179999887943268,0.0
14,91305759,G,A,CCDC88C:440193,SO:0001627|intron_variant,Likely_benign,0,0.6069999933242798,0.003000000026077032
1,203840371,A,G,ZC3H11A:9877|ZBED6:100381270,"SO:0001583|missense_variant,SO:0001624|3_prime_UTR_variant",Likely_benign,0,0.43799999356269836,0.4050000011920929
10,71738485,C,T,CDH23:64072,SO:0001627|intron_variant,Likely_benign,0,-0.09799999743700027,0.0
1,25301068,G,A,RHD:6007|RSRP1:57035,"SO:0001627|intron_variant,SO:0001819|synonymous_variant",Benign,0,-1.8519999980926514,0.0
15,89321300,C,A,POLG:5428,SO:0001627|intron_variant,Likely_benign,0,-4.002999782562256,0.0
17,19671973,C,T,ALDH3A2:224,SO:0001627|intron_variant,Likely_benign,0,-0.7120000123977661,0.0
7,21742181,C,T,DNAH11:8701,SO:0001627|intron_variant,Likely_benign,0,-0.1120000034570694,0.0
15,48513529,G,C,FBN1:2200,SO:0001627|intron_variant,Likely_benign,0,0.08900000154972076,0.0020000000949949026
5,74696784,G,A,HEXB:3074,SO:0001627|intron_variant,Benign,0,-1.0839999914169312,0.0
11,102579401,C,T,MMP20:9313,SO:0001627|intron_variant,Benign,0,-1.149999976158142,0.0
10,69895596,T,G,COL13A1:1305,SO:0001627|intron_variant,Likely_benign,0,-0.5460000038146973,0.0
18,33607742,G,A,ASXL3:80816,SO:0001627|intron_variant,Benign,0,-0.4020000100135803,0.0
4,792415,G,C,CPLX1:10815|CPLX1-AS1:105374339,SO:0001627|intron_variant,Likely_benign,0,-1.3289999961853027,0.0
10,86681749,A,T,LDB3:11155,"SO:0001583|missense_variant,SO:0001627|intron_variant",Likely_benign,0,6.927000045776367,1.0
1,68444929,C,T,RPE65:6121,SO:0001627|intron_variant,Benign,0,-0.7310000061988831,0.0
19,49171685,G,A,TRPM4:54795,"SO:0001623|5_prime_UTR_variant,SO:0001819|synonymous_variant",Likely_benign,0,0.17900000512599945,0.25200000405311584
19,7555089,C,T,PNPLA6:10908,SO:0001627|intron_variant,Likely_benign,0,-0.8659999966621399,0.0
11,103455167,C,T,DYNC2H1:79659,SO:0001627|intron_variant,Likely_benign,0,0.7990000247955322,0.0010000000474974513
3,134546129,C,A,CEP63:80254,SO:0001627|intron_variant,Likely_benign,0,0.2619999945163727,0.2879999876022339
5,122066589,T,C,LOX:4015|SRFBP1:153443,SO:0001624|3_prime_UTR_variant,Benign,0,0.2370000034570694,0.7319999933242798
8,60854460,C,T,CHD7:55636,"SO:0001627|intron_variant,SO:0001819|synonymous_variant",Likely_benign,0,-0.2680000066757202,0.6079999804496765
15,90785097,A,C,BLM:641,SO:0001627|intron_variant,Likely_benign,0,1.4769999980926514,0.003000000026077032
X,67545608,C,T,AR:367,"SO:0001623|5_prime_UTR_variant,SO:0001819|synonymous_variant",Benign,0,-0.8029999732971191,0.6110000014305115
19,33302076,C,G,CEBPA:1050,"SO:0001623|5_prime_UTR_variant,SO:0001819|synonymous_variant",Likely_benign,0,0.765999972820282,0.19599999487400055
9,127461161,C,T,LRSAM1:90678,SO:0001627|intron_variant,Likely_benign,0,-0.07599999755620956,0.0
11,95923856,C,A,MTMR2:8898,SO:0001627|intron_variant,Likely_benign,0,0.9319999814033508,0.8220000267028809
2,214769331,C,T,BARD1:580,SO:0001627|intron_variant,Benign,0,0.12600000202655792,0.0
22,50627585,G,A,ARSA:410,"SO:0001627|intron_variant,SO:0001819|synonymous_variant",Likely_benign,0,-0.08299999684095383,0.3709999918937683
15,80168258,T,C,FAH:2184,SO:0001627|intron_variant,Likely_benign,0,1.7599999904632568,0.008999999612569809
10,98614748,C,T,HPSE2:60495,SO:0001627|intron_variant,Benign,0,0.7710000276565552,1.0
2,149011722,C,T,KIF5C:3800,SO:0001627|intron_variant,Benign,0,-0.5009999871253967,0.0
15,90948804,C,T,UNC45A:55898,SO:0001627|intron_variant,Benign,0,-1.4630000591278076,0.0
15,51451628,C,A,DMXL2:23312,SO:0001627|intron_variant,Likely_benign,0,-0.07000000029802322,0.0
2,71561735,C,G,DYSF:8291,SO:0001627|intron_variant,Likely_benign,0,0.3490000069141388,0.0
8,56962100,T,G,BPNT2:54928,SO:0001624|3_prime_UTR_variant,Likely_benign,0,0.24300000071525574,0.0010000000474974513
21,44907087,T,G,ITGB2:3689,"SO:0001623|5_prime_UTR_variant,SO:0001819|synonymous_variant",Likely_benign,0,-2.4000000953674316,0.0
X,85873228,A,C,CHM:1121,SO:0001627|intron_variant,Likely_benign,0,1.2380000352859497,0.9850000143051147
2,224500355,T,C,CUL3:8452,SO:0001627|intron_variant,Likely_benign,0,1.9670000076293945,0.11100000143051147
7,75985910,C,T,POR:5447,SO:0001627|intron_variant,Likely_benign,0,0.6370000243186951,0.0
12,11092194,C,T,PRH1:5554|TAS2R43:259289|PRH1-PRR4:100533464|PRH1-TAS2R14:106707243,"SO:0001627|intron_variant,SO:0001819|synonymous_variant",Benign,0,-1.6039999723434448,0.0
18,3131515,T,C,MYOM1:8736,SO:0001627|intron_variant,Likely_benign,0,0.9729999899864197,0.01600000075995922
5,112821878,G,A,APC:324,SO:0001627|intron_variant,Likely_benign,0,0.27300000190734863,0.1599999964237213
7,23168055,A,T,KLHL7:55975,SO:0001627|intron_variant,Likely_benign,0,1.7599999904632568,0.1940000057220459
1,25554081,G,A,LDLRAP1:26119,SO:0001627|intron_variant,Likely_benign,0,-0.019999999552965164,0.0
3,48567037,G,A,COL7A1:1294,SO:0001627|intron_variant,Likely_benign,0,0.210999995470047,0.0
7,123661753,T,A,LMOD2:442721,SO:0001627|intron_variant,Benign,0,-0.6029999852180481,0.0
17,77498678,C,A,SEPTIN9:10801,SO:0001624|3_prime_UTR_variant,Benign,0,-0.8349999785423279,0.03999999910593033
3,25783385,C,T,NGLY1:55768,"SO:0001627|intron_variant,SO:0001819|synonymous_variant",Likely_benign,0,1.5130000114440918,1.0
19,1496607,C,T,REEP6:92840,"SO:0001627|intron_variant,SO:0001819|synonymous_variant",Likely_benign,0,0.12099999934434891,0.33000001311302185
9,35546776,G,A,RUSC2:9853,"SO:0001619|non-coding_transcript_variant,SO:0001627|intron_variant,SO:0001819|synonymous_variant",Likely_benign,0,0.6520000100135803,0.15399999916553497
3,140959543,A,T,SLC25A36:55186,SO:0001627|intron_variant,Pathogenic,1,5.464000225067139,1.0
1,43338733,C,T,MPL:4352,SO:0001627|intron_variant,Likely_benign,0,-0.7049999833106995,0.0
1,196736796,C,A,CFH:3075,SO:0001627|intron_variant,Benign,0,-1.3849999904632568,0.0010000000474974513
1,151817171,T,G,RORC:6097,SO:0001627|intron_variant,Benign,0,-0.06800000369548798,0.0
3,37047640,A,G,MLH1:4292,"SO:0001583|missense_variant,SO:0001627|intron_variant",Likely_benign,0,7.335000038146973,1.0
2,55866424,G,A,EFEMP1:2202,SO:0001624|3_prime_UTR_variant,Benign,0,0.3619999885559082,0.003000000026077032
14,91281530,G,A,CCDC88C:440193,SO:0001627|intron_variant,Likely_benign,0,-0.3370000123977661,0.0
21,42388987,C,T,TMPRSS3:64699,"SO:0001623|5_prime_UTR_variant,SO:0001819|synonymous_variant",Likely_benign,0,0.1809999942779541,0.012000000104308128
14,104773810,C,T,AKT1:207,SO:0001627|intron_variant,Likely_benign,0,-3.813999891281128,0.0
10,110590234,A,G,SMC3:9126,SO:0001627|intron_variant,Benign,0,0.31200000643730164,0.0
1,32275439,G,T,LCK:3932,SO:0001627|intron_variant,Likely_benign,0,0.9440000057220459,0.12999999523162842
2,188995803,A,G,COL3A1:1281,SO:0001627|intron_variant,Likely_benign,0,-1.2480000257492065,0.0
2,32250034,G,A,NLRC4:58484,"SO:0001627|intron_variant,SO:0001819|synonymous_variant",Likely_benign,0,2.2100000381469727,1.0
12,132664494,C,T,POLE:5426,SO:0001627|intron_variant,Likely_benign,0,-2.240999937057495,0.0
5,55231152,T,C,CCNO:10309,"SO:0001619|non-coding_transcript_variant,SO:0001624|3_prime_UTR_variant",Likely_benign,0,-0.09300000220537186,0.0
15,89328441,T,A,POLG:5428,SO:0001627|intron_variant,Likely_benign,0,-0.47999998927116394,0.0
2,178646515,C,A,TTN:7273,"SO:0001587|nonsense,SO:0001627|intron_variant",Likely_pathogenic,1,1.2009999752044678,0.902999997138977
13,110211687,T,A,COL4A1:1282,SO:0001627|intron_variant,Likely_benign,0,-0.6340000033378601,0.0
2,58206240,A,G,FANCL:55120,SO:0001627|intron_variant,Benign,0,-0.1899999976158142,0.0
X,54091307,C,A,FAM120C:54954,SO:0001627|intron_variant,Benign,0,-0.7229999899864197,0.004999999888241291
13,32340217,T,G,BRCA2:675,"SO:0001619|non-coding_transcript_variant,SO:0001627|intron_variant,SO:0001819|synonymous_variant",Likely_benign,0,0.8730000257492065,0.020999999716877937
15,50620108,T,C,TRPM7:54822,SO:0001627|intron_variant,Benign,0,1.378999948501587,0.7390000224113464
17,75979002,G,A,ACOX1:51,"SO:0001623|5_prime_UTR_variant,SO:0001819|synonymous_variant",Likely_benign,0,1.1799999475479126,1.0
6,57193948,A,C,RAB23:51715,SO:0001627|intron_variant,Likely_benign,0,0.5450000166893005,0.024000000208616257
4,109994888,A,C,EGF:1950,SO:0001627|intron_variant,Likely_benign,0,-0.628000020980835,0.0
1,147264517,C,G,CHD1L:9557,"SO:0001619|non-coding_transcript_variant,SO:0001623|5_prime_UTR_variant,SO:0001627|intron_variant,SO:0001819|synonymous_variant",Benign,0,0.734000027179718,0.9990000128746033
9,137096401,G,A,MAN1B1:11253,SO:0001627|intron_variant,Benign,0,1.2430000305175781,0.0020000000949949026
12,49053968,G,A,KMT2D:8085,SO:0001627|intron_variant,Likely_benign,0,0.06499999761581421,0.014999999664723873
16,23413570,G,A,COG7:91949,SO:0001627|intron_variant,Likely_benign,0,-0.01600000075995922,0.0
3,128904051,C,T,ACAD9:28976,SO:0001627|intron_variant,Likely_benign,0,0.0689999982714653,0.0
16,8781728,C,T,ABAT:18,SO:0001624|3_prime_UTR_variant,Benign,0,1.7569999694824219,0.024000000208616257
6,170288720,T,A,DLL1:28514,SO:0001627|intron_variant,Likely_benign,0,1.7359999418258667,0.05700000002980232
10,49461336,T,C,ERCC6:2074,SO:0001627|intron_variant,Likely_benign,0,-0.2160000056028366,0.0
5,90805035,T,C,ADGRV1:84059,SO:0001627|intron_variant,Benign,0,0.40799999237060547,0.593999981880188
4,105261743,T,C,TET2:54790|TET2-AS1:104384744,SO:0001627|intron_variant,Likely_benign,0,0.17499999701976776,0.0
17,7222659,T,A,ACADVL:37,SO:0001627|intron_variant,Likely_pathogenic,1,0.2199999988079071,0.0
22,41168283,T,C,EP300:2033,SO:0001627|intron_variant,Benign,0,-1.7200000286102295,0.0
1,201372015,T,A,TNNT2:7139,SO:0001627|intron_variant,Likely_benign,0,0.2409999966621399,0.0
2,209786061,C,G,UNC80:285175,SO:0001627|intron_variant,Likely_benign,0,0.3190000057220459,0.006000000052154064
9,101425049,G,A,ALDOB:229,SO:0001627|intron_variant,Likely_benign,0,0.5640000104904175,0.9570000171661377
9,2191725,C,T,SMARCA2:6595,SO:0001627|intron_variant,Benign,0,-0.07599999755620956,0.029999999329447746
6,137204520,G,A,IFNGR1:3459,SO:0001627|intron_variant,Likely_benign,0,-1.1109999418258667,0.0
3,177053762,G,A,TBL1XR1:79718,SO:0001627|intron_variant,Likely_benign,0,-0.03500000014901161,0.0
10,71734266,G,A,CDH23:64072|C10orf105:414152,"SO:0001627|intron_variant,SO:0001819|synonymous_variant",Likely_benign,0,1.8869999647140503,1.0
3,52403310,G,C,BAP1:8314,SO:0001627|intron_variant,Likely_benign,0,0.25999999046325684,0.0010000000474974513
16,70269606,C,G,AARS1:16,SO:0001627|intron_variant,Likely_benign,0,0.8870000243186951,0.0010000000474974513
2,135983382,C,A,DARS1:1615,SO:0001627|intron_variant,Likely_benign,0,-0.5059999823570251,0.0
1,243274633,G,T,SDCCAG8:10806,"SO:0001587|nonsense,SO:0001623|5_prime_UTR_variant",Pathogenic,1,6.696000099182129,1.0
12,8857454,G,A,A2ML1:144568,SO:0001627|intron_variant,Benign,0,-0.12200000137090683,0.0
16,70786383,A,C,VAC14:55697,SO:0001627|intron_variant,Likely_benign,0,0.5770000219345093,0.00800000037997961
3,122282248,C,T,CASR:846,SO:0001627|intron_variant,Likely_benign,0,0.20900000631809235,0.0
17,58213887,A,G,MKS1:54903,SO:0001627|intron_variant,Likely_benign,0,5.619999885559082,0.9350000023841858
2,240721789,C,T,KIF1A:547,SO:0001627|intron_variant,Likely_benign,0,0.6420000195503235,0.004000000189989805
2,178542578,A,T,TTN:7273|TTN-AS1:100506866,SO:0001627|intron_variant,Likely_benign,0,0.1469999998807907,0.0
5,162102324,C,A,GABRG2:2566,SO:0001627|intron_variant,Likely_benign,0,-0.10700000077486038,0.0010000000474974513
12,57749169,C,G,CDK4:1019|TSPAN31:6302,"SO:0001624|3_prime_UTR_variant,SO:0001627|intron_variant",Likely_benign,0,2.0429999828338623,0.07599999755620956
16,89508612,C,A,SPG7:6687|LOC130059818:130059818,SO:0001627|intron_variant,Likely_benign,0,0.11800000071525574,0.0
16,2056628,T,C,TSC2:7249,SO:0001627|intron_variant,Likely_benign,0,0.22499999403953552,0.0
12,49024797,G,A,KMT2D:8085,SO:0001627|intron_variant,Likely_benign,0,-0.4129999876022339,0.0
19,2151225,C,A,AP3D1:8943,SO:0001627|intron_variant,Likely_benign,0,0.2680000066757202,0.0
17,76471452,G,A,RHBDF2:79651,"SO:0001619|non-coding_transcript_variant,SO:0001624|3_prime_UTR_variant",Benign,0,-0.3919999897480011,0.0
9,114275635,T,C,COL27A1:85301,SO:0001627|intron_variant,Benign,0,-0.4429999887943268,0.0
19,11214420,G,A,DOCK6:57572|DOCK6-AS1:105372273,SO:0001627|intron_variant,Likely_benign,0,-1.4989999532699585,0.0
16,29799898,C,G,KIF22:3835,SO:0001627|intron_variant,Likely_benign,0,-0.31700000166893005,0.0
3,142512480,T,C,ATR:545,SO:0001627|intron_variant,Likely_benign,0,-2.325000047683716,0.003000000026077032
4,186279995,C,A,F11:2160,SO:0001627|intron_variant,Likely_benign,0,-1.4390000104904175,0.0
2,240786659,G,A,KIF1A:547,SO:0001627|intron_variant,Likely_benign,0,0.19599999487400055,0.0010000000474974513
4,70636027,T,C,ENAM:10117,SO:0001627|intron_variant,Benign,0,-0.593999981880188,0.0
4,83267433,G,A,COQ2:27235,SO:0001627|intron_variant,Likely_benign,0,0.34700000286102295,0.0010000000474974513
6,52062500,C,A,PKHD1:5314,SO:0001627|intron_variant,Likely_benign,0,-1.6770000457763672,0.0
8,144512078,G,A,RECQL4:9401,SO:0001627|intron_variant,Likely_benign,0,-0.6840000152587891,0.0
X,154364976,C,T,FLNA:2316,SO:0001627|intron_variant,Likely_benign,0,0.31700000166893005,0.004999999888241291
10,52054471,T,C,PRKG1:5592,SO:0001627|intron_variant,Likely_benign,0,2.072999954223633,0.5600000023841858
16,89553967,C,T,SPG7:6687,SO:0001627|intron_variant,Likely_benign,0,-0.1679999977350235,0.006000000052154064
16,57897379,G,A,CNGB1:1258,SO:0001627|intron_variant,Likely_benign,0,-1.246000051498413,0.0
9,32973585,C,T,APTX:54840,"SO:0001619|non-coding_transcript_variant,SO:0001624|3_prime_UTR_variant,SO:0001819|synonymous_variant",Likely_benign,0,0.07900000363588333,0.8640000224113464
16,20798380,T,C,ERI2:112479,"SO:0001583|missense_variant,SO:0001627|intron_variant",Likely_benign,0,-0.6899999976158142,0.035999998450279236
3,43576882,G,C,ANO10:55129,"SO:0001627|intron_variant,SO:0001819|synonymous_variant",Likely_benign,0,1.128000020980835,1.0
10,102676948,G,A,ARL3:403,SO:0001627|intron_variant,Likely_benign,0,1.378000020980835,1.0
5,37213511,T,C,CPLANE1:65250,SO:0001627|intron_variant,Likely_benign,0,0.0820000022649765,0.0
9,13110753,G,T,MPDZ:8777,SO:0001627|intron_variant,Likely_benign,0,-0.746999979019165,0.0
10,104055696,G,A,COL17A1:1308,SO:0001627|intron_variant,Benign,0,0.013000000268220901,0.0010000000474974513
11,88296280,A,T,CTSC:1075,SO:0001627|intron_variant,Benign,0,0.40799999237060547,0.0
8,47889001,C,A,PRKDC:5591,SO:0001627|intron_variant,Likely_benign,0,0.1860000044107437,0.0
2,29228872,A,C,ALK:238,SO:0001627|intron_variant,Likely_benign,0,4.718999862670898,1.0
1,236751266,G,A,ACTN2:88,SO:0001627|intron_variant,Likely_benign,0,0.9100000262260437,0.014000000432133675
9,131075793,G,A,LAMC3:10319,SO:0001627|intron_variant,Benign,0,0.5479999780654907,0.0
9,135759636,A,G,KCNT1:57582,SO:0001627|intron_variant,Benign,0,-5.11899995803833,0.0
17,1675348,T,G,PRPF8:10594,SO:0001627|intron_variant,Likely_benign,0,-2.88100004196167,0.0
1,234608487,C,T,IRF2BP2:359948|LOC129932810:129932810,"SO:0001627|intron_variant,SO:0001819|synonymous_variant",Likely_benign,0,0.7289999723434448,0.9729999899864197
X,5892533,C,T,NLGN4X:57502,SO:0001624|3_prime_UTR_variant,Benign,0,-0.007000000216066837,0.0
16,28487547,G,T,CLN3:1201,SO:0001627|intron_variant,Likely_benign,0,0.531000018119812,0.003000000026077032
1,193249727,T,C,CDC73:79577,SO:0001627|intron_variant,Likely_benign,0,1.0720000267028809,0.656000018119812
7,853625,G,T,SUN1:23353,SO:0001627|intron_variant,Likely_benign,0,-0.01600000075995922,0.0
16,72105157,C,T,DHX38:9785,SO:0001627|intron_variant,Likely_benign,0,1.1260000467300415,0.010999999940395355
11,64223034,T,C,FERMT3:83706,SO:0001627|intron_variant,Benign,0,-1.628999948501587,0.0
10,43104956,G,A,RET:5979,"SO:0001623|5_prime_UTR_variant,SO:0001627|intron_variant,SO:0001819|synonymous_variant",Likely_benign,0,-0.10499999672174454,0.0020000000949949026
5,132388908,G,A,SLC22A5:6584,SO:0001627|intron_variant,Likely_benign,0,-1.4789999723434448,0.0
14,95108658,C,T,DICER1:23405,SO:0001627|intron_variant,Likely_benign,0,0.18000000715255737,0.0010000000474974513
20,25308753,C,T,ABHD12:26090,SO:0001627|intron_variant,Likely_benign,0,-1.5570000410079956,0.0
4,121826010,T,A,BBS7:55212,SO:0001627|intron_variant,Likely_benign,0,-0.7950000166893005,0.0
19,36005314,T,C,SYNE4:163183,SO:0001627|intron_variant,Likely_benign,0,2.638000011444092,0.4449999928474426
12,54282700,C,G,HNRNPA1:3178,SO:0001627|intron_variant,Likely_benign,0,-0.9110000133514404,0.0
10,6025827,C,T,IL2RA:3559,SO:0001627|intron_variant,Likely_benign,0,-0.15399999916553497,0.008999999612569809
20,58909143,G,A,GNAS:2778,SO:0001627|intron_variant,Likely_benign,0,-0.800000011920929,0.0010000000474974513
22,50524130,C,T,SCO2:9997|NCAPH2:29781,"SO:0001624|3_prime_UTR_variant,SO:0001819|synonymous_variant",Likely_benign,0,0.43799999356269836,0.04699999839067459
16,89546863,C,T,SPG7:6687,SO:0001627|intron_variant,Likely_benign,0,-0.2329999953508377,0.0
5,87376969,G,A,RASA1:5921|CCNH:902,"SO:0001583|missense_variant,SO:0001627|intron_variant",Likely_benign,0,1.2649999856948853,1.0
10,29495249,G,C,SVIL:6840,SO:0001627|intron_variant,Benign,0,0.2919999957084656,0.0
17,80087554,G,A,CCDC40:55036,SO:0001627|intron_variant,Benign,0,-1.8009999990463257,0.0
4,150583909,T,G,LRBA:987|MAB21L2:10586,"SO:0001583|missense_variant,SO:0001627|intron_variant",Likely_benign,0,2.260999917984009,1.0
2,86337496,G,T,REEP1:65055,"SO:0001583|missense_variant,SO:0001627|intron_variant,SO:0001819|synonymous_variant",Likely_benign,0,3.2639999389648438,1.0
6,46079934,C,T,CLIC5:53405,"SO:0001627|intron_variant,SO:0001819|synonymous_variant",Likely_benign,0,-0.06599999964237213,0.0
2,46908765,G,T,MCFD2:90411,SO:0001627|intron_variant,Likely_benign,0,-1.156000018119812,0.0
16,89740840,G,T,FANCA:2175|ZNF276:92822,"SO:0001619|non-coding_transcript_variant,SO:0001624|3_prime_UTR_variant,SO:0001819|synonymous_variant",Likely_benign,0,0.00800000037997961,0.7549999952316284
6,56620568,G,A,DST:667,"SO:0001587|nonsense,SO:0001627|intron_variant",Pathogenic,1,4.334000110626221,0.9850000143051147
15,42729217,C,T,CDAN1:146059,SO:0001627|intron_variant,Likely_benign,0,2.0190000534057617,0.008999999612569809
11,74077795,A,G,C2CD3:26005,SO:0001627|intron_variant,Benign,0,0.1889999955892563,0.010999999940395355
11,65340372,A,G,DPF2:5977,SO:0001627|intron_variant,Likely_benign,0,-0.05400000140070915,0.0
7,66086750,C,A,ASL:435,"SO:0001627|intron_variant,SO:0001819|synonymous_variant",Likely_benign,0,-2.2690000534057617,0.0
19,42335030,C,T,MEGF8:1954,SO:0001627|intron_variant,Likely_benign,0,0.23800000548362732,0.0
12,110322922,C,A,ATP2A2:488,SO:0001627|intron_variant,Benign,0,-0.2630000114440918,0.0
1,201058498,A,C,CACNA1S:779,SO:0001627|intron_variant,Likely_benign,0,-0.05299999937415123,0.0
9,131042009,G,A,LAMC3:10319,SO:0001627|intron_variant,Likely_benign,0,-0.23999999463558197,0.0
6,38868043,C,T,DNAH8:1769,SO:0001627|intron_variant,Likely_benign,0,-0.3019999861717224,0.0
4,83267369,G,A,COQ2:27235,SO:0001627|intron_variant,Benign,0,0.1550000011920929,0.0010000000474974513
11,118484035,T,A,KMT2A:4297,SO:0001627|intron_variant,Benign,0,-0.29899999499320984,0.0
X,53588371,C,T,HUWE1:10075,SO:0001627|intron_variant,Likely_benign,0,0.2329999953508377,0.0
17,63957725,C,T,SCN4A:6329|GH-LCR:106128904,SO:0001627|intron_variant,Likely_benign,0,-4.377999782562256,0.0
20,58439041,G,A,VAPB:9217,SO:0001627|intron_variant,Likely_benign,0,2.065999984741211,0.9950000047683716
2,165949513,C,A,TTC21B:79809,SO:0001627|intron_variant,Likely_benign,0,0.27799999713897705,0.9210000038146973
2,43925056,A,G,LRPPRC:10128,SO:0001627|intron_variant,Likely_benign,0,-0.11800000071525574,0.0
16,2056182,G,A,TSC2:7249,SO:0001627|intron_variant,Likely_benign,0,-0.24799999594688416,0.0010000000474974513
9,452004,C,T,DOCK8:81704,SO:0001627|intron_variant,Likely_benign,0,0.26899999380111694,0.0
16,68737644,G,C,CDH1:999,SO:0001627|intron_variant,Benign,0,-0.9419999718666077,0.003000000026077032
11,108330194,C,T,ATM:472|C11orf65:160140,SO:0001627|intron_variant,Likely_benign,0,-0.1899999976158142,0.0
21,46126550,G,A,COL6A2:1292,SO:0001627|intron_variant,Likely_benign,0,0.42899999022483826,0.0020000000949949026
8,99135146,G,T,VPS13B:157680,SO:0001627|intron_variant,Likely_benign,0,0.25,0.003000000026077032
9,133442763,C,T,ADAMTS13:11093,SO:0001627|intron_variant,Likely_benign,0,-1.555999994277954,0.0
17,43091040,A,G,BRCA1:672,SO:0001627|intron_variant,Likely_benign,0,1.100000023841858,0.006000000052154064
1,118913966,C,T,TBX15:6913,SO:0001627|intron_variant,Benign,0,-1.2580000162124634,0.0
1,2406917,A,G,PEX10:5192,"SO:0001627|intron_variant,SO:0001819|synonymous_variant",Likely_benign,0,-0.4390000104904175,0.0
1,94027444,C,A,ABCA4:24,SO:0001627|intron_variant,Likely_benign,0,0.04800000041723251,0.0
9,133445830,C,A,ADAMTS13:11093,SO:0001627|intron_variant,Likely_benign,0,-0.15800000727176666,0.0
5,80654802,C,T,MSH3:4437|DHFR:1719,"SO:0001619|non-coding_transcript_variant,SO:0001623|5_prime_UTR_variant,SO:0001819|synonymous_variant",Likely_benign,0,0.5830000042915344,0.9300000071525574
X,120426275,T,A,LAMP2:3920,SO:0001624|3_prime_UTR_variant,Benign,0,-0.32499998807907104,0.0010000000474974513
X,115192095,A,G,LRCH2:57631|RBMXL3:139804,"SO:0001583|missense_variant,SO:0001627|intron_variant",Likely_benign,0,-1.3990000486373901,0.0
10,69927067,G,A,COL13A1:1305,SO:0001627|intron_variant,Likely_benign,0,0.7170000076293945,0.0010000000474974513
3,43561211,C,G,ANO10:55129,SO:0001627|intron_variant,Likely_benign,0,0.8019999861717224,0.008999999612569809
9,133449511,G,C,ADAMTS13:11093,SO:0001627|intron_variant,Benign,0,-0.25200000405311584,0.0
7,5995582,T,A,PMS2:5395,"SO:0001619|non-coding_transcript_variant,SO:0001623|5_prime_UTR_variant,SO:0001627|intron_variant,SO:0001819|synonymous_variant",Likely_benign,0,-0.597000002861023,0.164000004529953
10,43109137,G,A,RET:5979,"SO:0001627|intron_variant,SO:0001819|synonymous_variant",Likely_benign,0,1.1640000343322754,1.0
